Date,fgroup,ratio,lower,upper
2022-11-01,Grazer,0.41497028208984216,0.3164086637401514,0.5442339441095126
2022-11-10,Grazer,0.41597334443849737,0.3176293214840363,0.544766529975556
2022-11-19,Grazer,0.416978831380235,0.31884665756182806,0.5453133714770423
2022-11-28,Grazer,0.417986748775759,0.32006046997634297,0.5458747285006587
2022-12-07,Grazer,0.41899710249993966,0.32127055444457625,0.5464508635310719
2022-12-16,Grazer,0.42000989844184855,0.3224767045313253,0.5470420415189886
2022-12-25,Grazer,0.4210251425047918,0.32367871179263863,0.5476485297393959
2023-01-03,Grazer,0.42204284060634484,0.32487636592919433,0.5482705976398827
2023-01-12,Grazer,0.42306299867838765,0.3260694549496798,0.5489085166789713
2023-01-21,Grazer,0.42408562266713795,0.32725776534419704,0.5495625601544284
2023-01-31,Grazer,0.4251107185331869,0.32844108226768115,0.5502330030215753
2023-02-09,Grazer,0.42613829225153366,0.32961918973326626,0.5509201217016597
2023-02-18,Grazer,0.42716834981162016,0.33079187081548794,0.5516241938803992
2023-02-27,Grazer,0.4282008972173654,0.33195890786315274,0.5523454982968665
2023-03-08,Grazer,0.4292359404872019,0.3331200827216583,0.5530843145229378
2023-03-17,Grazer,0.43027348565410883,0.3342751769644773,0.5538409227335793
2023-03-26,Grazer,0.4313135387656491,0.3354239721334727,0.5546156034683206
2023-04-04,Grazer,0.4323561058840037,0.33656624998763734,0.5554086373843072
2023-04-13,Grazer,0.43340119308600616,0.33770179275979534,0.5562203050014021
2023-04-23,Grazer,0.43444880646317985,0.33883038342073896,0.5570508864398636
2023-05-02,Grazer,0.43549895212177214,0.3399518059502063,0.5579006611511913
2023-05-11,Grazer,0.4365516361827906,0.341065845614045,0.55876990764279455
2023-05-20,Grazer,0.4376068647820376,0.34217228924684384,0.5596589031972024
2023-05-29,Grazer,0.4386646440701481,0.34327092553925376,0.5605679235865995
2023-06-07,Grazer,0.43972498021262346,0.3443615453291559,0.5614972427835169
2023-06-16,Grazer,0.4407878793898687,0.3454439418957864,0.5624471326685824
2023-06-25,Grazer,0.4418533477972276,0.34651791125586767,0.5634178627362711
2023-07-04,Grazer,0.4429213916450203,0.34758325246075134,0.5644096997996583
2023-07-14,Grazer,0.4439920171585768,0.3486397678935331,0.5654229076952023
2023-07-23,Grazer,0.4450652305782762,0.34968726356506585,0.566457746988652
2023-08-01,Grazer,0.4461410381595816,0.3507255494077577,0.5675144746831685
2023-08-10,Grazer,0.44721944617307646,0.35175443956602603,0.5685933439308056
2023-08-19,Grazer,0.4483004609045013,0.3527737526822563,0.569694603748497
2023-08-28,Grazer,0.4493840886547912,0.35378331217710646,0.5708184987397075
2023-09-06,Grazer,0.4504703357401109,0.3547829465229939,0.5719652688229099
2023-09-15,Grazer,0.45155920849189335,0.35577248950961593,0.5731351489680429
2023-09-24,Grazer,0.452650713256875,0.3567517805003632,0.5743283689420833
2023-10-04,Grazer,0.453744856397134,0.3577206646785161,0.5755451530648482
2023-10-13,Grazer,0.4548416442901269,0.3586789932821465,0.5767857199761021
2023-10-22,Grazer,0.4559410833287257,0.35962662382668853,0.5780502824150047
2023-10-31,Grazer,0.45704317992125515,0.360563420314198,0.5793390470128824
2023-11-09,Grazer,0.4581479404915301,0.36148925342837407,0.5806522141002469
2023-11-18,Grazer,0.4592553714788931,0.3624040007144909,0.5819899775289168
2023-11-27,Grazer,0.46036547933825167,0.36330754674345717,0.5833525245100211
2023-12-06,Grazer,0.46147827054011636,0.3641997832593048,0.5847400354685849
2023-12-15,Grazer,0.46259375157063776,0.3650806093094964,0.5861526839153071
2023-12-25,Grazer,0.4637119289316452,0.3659499313575352,0.587590636336048
2024-01-03,Grazer,0.46483280914068387,0.3668076633774533,0.5890540520994488
2024-01-12,Grazer,0.4659563987310531,0.3676537269298606,0.5905430833830022
2024-01-21,Grazer,0.46708270425184445,0.3684880512193354,0.5920578751177924
2024-01-30,Grazer,0.4682117322679803,0.36931057313304366,0.5935985649520202
2024-02-08,Grazer,0.4693434893602509,0.37012123726057433,0.5951652832333183
2024-02-17,Grazer,0.47047798212535413,0.3709199958950896,0.5967581530097696
2024-02-26,Grazer,0.4716152171759332,0.37170680901598036,0.5983772900494281
2024-03-06,Grazer,0.47275520114061553,0.372481644253323,0.6000228028780508
2024-03-16,Grazer,0.4738979406640507,0.37324447683452633,0.6016947928346513
2024-03-25,Grazer,0.47504344240695023,0.37399528951364924,0.6033933541443964
2024-04-03,Grazer,0.4761917130461257,0.37473407248395163,0.6051185740082786
2024-04-12,Grazer,0.47734275927452724,0.37546082327432345,0.6068705327089223
2024-04-21,Grazer,0.4784965878012839,0.37617554663031083,0.6086493037318103
2024-04-30,Grazer,0.47965320535174166,0.37687825438051525,0.6104549539011412
2024-05-09,Grazer,0.48081261866750297,0.3775689652892109,0.6122875435294883
2024-05-18,Grazer,0.4819748345064659,0.378247704896065,0.6141471265803623
2024-05-27,Grazer,0.48313985964286404,0.37891450534389587,0.6160337508427525
2024-06-05,Grazer,0.4843077008673049,0.37956940519542887,0.6179474581166786
2024-06-15,Grazer,0.48547836498681085,0.3802124492400452,0.6198882844087673
2024-06-24,Grazer,0.4866518588248578,0.38084368829152687,0.6218562601368399
2024-07-03,Grazer,0.4878281892214153,0.3814631789778172,0.6238514103425006
2024-07-12,Grazer,0.4890073630329867,0.3820709835238156,0.6258737549107015
2024-07-21,Grazer,0.4901893871326486,0.38266716952821983,0.6279233087952734
2024-07-30,Grazer,0.49137426841009085,0.38325180973541845,0.6300000822494182
2024-08-08,Grazer,0.4925620137716575,0.38382498180341745,0.6321040810601826
2024-08-17,Grazer,0.49375263014038634,0.3843867680687593,0.6342353067859493
2024-08-26,Grazer,0.4949461244560495,0.3849372553093659,0.6363937569960194
2024-09-05,Grazer,0.4961425036751939,0.38547653450620073,0.6385794255113866
2024-09-14,Grazer,0.4973417747711815,0.38600470060460845,0.6407923026458492
2024-09-23,Grazer,0.4985439447342307,0.38652185227614894,0.6430323754466408
2024-10-02,Grazer,0.49974902057145587,0.3870280916816946,0.6452996279338085
2024-10-11,Grazer,0.5009570093069097,0.3875235242365194,0.647594041337616
2024-10-20,Grazer,0.502167917981623,0.38800825837805214,0.6499155943332937
2024-10-29,Grazer,0.5033817536536457,0.3884824053369199,0.6522642632725124
2024-11-07,Grazer,0.5045985233980891,0.38894607891185945,0.654640022411004
2024-11-16,Grazer,0.5058182343071661,0.38939939524901557,0.6570428441318077
2024-11-26,Grazer,0.5070408934902326,0.38984247262610255,0.6594726991636659
2024-12-05,Grazer,0.5082665080738294,0.39027543124184927,0.6619295567941528
2024-12-14,Grazer,0.5094950852017236,0.39069839301110143,0.6644133850771576
2024-12-23,Grazer,0.5107266320349501,0.39111148136590407,0.666924151034403
2025-01-01,Grazer,0.5119611557518531,0.3915148210628431,0.6694618208507158
2025-01-10,Grazer,0.5131986635481284,0.39190853799687764,0.672026360062825
2025-01-19,Grazer,0.5144391626368654,0.39229275902185357,0.6746177337414898
2025-01-28,Grazer,0.5156826602485886,0.39266761177784437,0.6772359066668147
2025-02-06,Grazer,0.5169291636313001,0.3930332245254329,0.6798808434966397
2025-02-16,Grazer,0.5181786800505224,0.39338972598700334,0.682552508927934
2025-02-25,Grazer,0.5194312167893389,0.39373724519508546,0.6852508678511494
2025-03-06,Grazer,0.5206867811484387,0.39407591134775916,0.6879758854975335
2025-03-15,Grazer,0.5219453804461578,0.3944058536710956,0.690727527579415
2025-03-24,Grazer,0.5232070220185218,0.3947272012885907,0.69350576042351475
2025-04-02,Grazer,0.5244717132192888,0.3950400830975161,0.696310551097354
2025-04-11,Grazer,0.525739461419993,0.3953446276520957,0.6991418675288505
2025-04-20,Grazer,0.5270102740099859,0.39564096305339286,0.7019996786192199
2025-04-29,Grazer,0.5282841583964816,0.3959292168457801,0.7048839543493098
2025-05-09,Grazer,0.5295611220045982,0.39620951591984144,0.7077946658795159
2025-05-18,Grazer,0.5308411722774018,0.39648198642155236,0.7107317856434353
2025-05-27,Grazer,0.53212431667595,0.39674675366756434,0.7136952874354314
2025-06-05,Grazer,0.5334105626793348,0.39700394206641487,0.7166851464922886
2025-06-14,Grazer,0.5346999177847275,0.39725367504547604,0.7197013395691434
2025-06-23,Grazer,0.5359923895074202,0.3974960749834457,0.7227438450098875
2025-07-02,Grazer,0.537287985380872,0.3977312631481858,0.7258126428122422
2025-07-11,Grazer,0.5385867129567512,0.397959359639703,0.7289077146877037
2025-07-20,Grazer,0.5398885798049801,0.3981804833380689,0.7320290441165649
2025-07-30,Grazer,0.541193593513779,0.3983947518560746,0.7351766163982201
2025-08-08,Grazer,0.5425017616897103,0.39860228149641497,0.7383504186969543
2025-08-17,Grazer,0.5438130919577229,0.3988031872131965,0.7415504400834259
2025-08-26,Grazer,0.5451275919611968,0.3989975825775698,0.7447766715720412
2025-09-04,Grazer,0.5464452693619872,0.39918557974728247,0.748029106154423
2025-09-13,Grazer,0.5477661318404698,0.39936728943996025,0.7513077388291695
2025-09-22,Grazer,0.5490901870955853,0.39954282090992016,0.754612566628097
2025-10-01,Grazer,0.5504174428448837,0.39971228192832675,0.757943588639153
2025-10-10,Grazer,0.5517479068245701,0.3998757787665104,0.7613008060261891
2025-10-20,Grazer,0.5530815867895497,0.4000334161822649,0.7646842220457678
2022-11-01,Invertivore,0.1945816426925318,0.15194603069610907,0.24918068276918573
2022-11-10,Invertivore,0.19505198364933823,0.15255907089624282,0.24938062418731388
2022-11-19,Invertivore,0.19552346150997907,0.15317068086910202,0.2495870866665058
2022-11-28,Invertivore,0.1959960790225675,0.15378074673651337,0.24980021106308933
2022-12-07,Invertivore,0.19646983894185982,0.1543891526487772,0.250020140350489
2022-12-16,Invertivore,0.19694474402927115,0.15499578084467416,0.2502470195600031
2022-12-25,Invertivore,0.19742079705289117,0.15560051171907222,0.25048099571398535
2023-01-03,Invertivore,0.19789800078750078,0.1562032238984111,0.25072221775115383
2023-01-12,Invertivore,0.19837635801458806,0.15680379432432393,0.2509708364437672
2023-01-21,Invertivore,0.19885587152236428,0.15740209834562868,0.2512270043064343
2023-01-31,Invertivore,0.19933654410578058,0.15799800981889908,0.2514908754963498
2023-02-09,Invertivore,0.19981837856654391,0.15859140121778745,0.25176260570478165
2023-02-18,Invertivore,0.20030137771313372,0.1591821437512392,0.25204235203967174
2023-02-27,Invertivore,0.20078554436081744,0.15977010749069534,0.25233027289925075
2023-03-08,Invertivore,0.2012708813316683,0.16035516150633808,0.25262652783661926
2023-03-17,Invertivore,0.20175739145458071,0.16093717401237728,0.252931277415287
2023-03-26,Invertivore,0.20224507756528676,0.16151601252133016,0.25324468305572556
2023-04-04,Invertivore,0.20273394250637355,0.16209154400718342,0.2535669068730451
2023-04-13,Invertivore,0.20322398912729894,0.16266363507726392,0.25389811150596353
2023-04-23,Invertivore,0.2037152202844087,0.1632321521525824,0.2542384599373097
2023-05-02,Invertivore,0.2042076388409526,0.16379696165634164,0.25458811530636494
2023-05-11,Invertivore,0.20470124766710185,0.16435793021023204,0.254947240713424
2023-05-20,Invertivore,0.20519604963996493,0.16491492483806075,0.2553159990170243
2023-05-29,Invertivore,0.2056920476436054,0.16546781317618883,0.2556945526243748
2023-06-07,Invertivore,0.20618924456905766,0.16601646369017067,0.256083063275584
2023-06-16,Invertivore,0.20668764331434455,0.16656074589691963,0.2564816918223694
2023-06-25,Invertivore,0.20718724678449388,0.16710053059164362,0.25689059800199965
2023-07-04,Invertivore,0.20768805789155556,0.16763569007872683,0.25730994020729675
2023-07-14,Invertivore,0.20819007955461832,0.1681660984056607,0.25773987525359227
2023-07-23,Invertivore,0.20869331469982702,0.16869163159906414,0.25818055814360064
2023-08-01,Invertivore,0.20919776626039968,0.16921216790177301,0.2586321418312274
2023-08-10,Invertivore,0.20970343717664425,0.1697275880099229,0.2590947769853879
2023-08-19,Invertivore,0.2102103303959759,0.1702377753089066,0.259568611754958
2023-08-28,Invertivore,0.21071844887293456,0.17074261610704689,0.26005379153601343
2023-09-06,Invertivore,0.21122779556920168,0.1712419998657971,0.2605504587425462
2023-09-15,Invertivore,0.21173837345361768,0.1717358194252646,0.26105875258186306
2023-09-24,Invertivore,0.21225018550219918,0.1722239712238441,0.2615788088358797
2023-10-04,Invertivore,0.21276323469815644,0.17270635551075084,0.2621107596495191
2023-10-13,Invertivore,0.21327752403191094,0.17318287655026063,0.2626547333274093
2023-10-22,Invertivore,0.21379305650111197,0.1736534428164904,0.26321085414004364
2023-10-31,Invertivore,0.2143098351106553,0.1741179671775958,0.26377924214053206
2023-11-09,Invertivore,0.2148278628727,0.17457636706830962,0.2643600129930145
2023-11-18,Invertivore,0.2153471428066858,0.17502856464981356,0.2649532778137453
2023-11-27,Invertivore,0.21586767793935138,0.17547448695601034,0.26555914302578576
2023-12-06,Invertivore,0.21638947130475136,0.17591406602534518,0.2661777102281491
2023-12-15,Invertivore,0.2169125259442743,0.17634723901742635,0.2668090760801532
2023-12-25,Invertivore,0.21743684490666038,0.17677394831379475,0.26745333220162976
2024-01-03,Invertivore,0.21796243124801937,0.17719414160230448,0.2681105650895273
2024-01-12,Invertivore,0.2184892880318479,0.1776077719446931,0.2687808560513288
2024-01-21,Invertivore,0.2190174183290478,0.1780147978270436,0.26946428115558513
2024-01-30,Invertivore,0.21954682521794405,0.17841518319296087,0.2701609111997379
2024-02-08,Invertivore,0.2200775117843022,0.1788088974594126,0.27087081169528276
2024-02-17,Invertivore,0.22060948112134693,0.17919591551531075,0.27159404287019934
2024-02-26,Invertivore,0.22114273632977977,0.17957621770302967,0.27233065968844844
2024-03-06,Invertivore,0.221677280517797,0.17994978978317816,0.27308071188622074
2024-03-16,Invertivore,0.22221311680110842,0.18031662288305764,0.27384424402450713
2024-03-25,Invertivore,0.22275024830295478,0.1806767134293432,0.27462129555744813
2024-04-03,Invertivore,0.22328867815412656,0.1810300630656293,0.27541190091582757
2024-04-12,Invertivore,0.22382840949298177,0.1813766785555684,0.2762160896049766
2024-04-21,Invertivore,0.22436944546546422,0.181716571672417,0.27703388631627673
2024-04-30,Invertivore,0.22491178922512256,0.18204975907587326,0.27786531105137807
2024-05-09,Invertivore,0.2254554439331278,0.18237626217714945,0.27871037925818626
2024-05-18,Invertivore,0.22600041275829238,0.18269610699327746,0.27956910197762425
2024-05-27,Invertivore,0.2265466988770881,0.18300932399167733,0.28044148600013435
2024-06-05,Invertivore,0.2270943054736649,0.18331594792605238,0.281327534030862
2024-06-15,Invertivore,0.22764323573986983,0.18361601766468574,0.28222724486244316
2024-06-24,Invertivore,0.22819349287526466,0.1839095760122208,0.2831406135543114
2024-07-03,Invertivore,0.22874508008714547,0.18419666952600466,0.28406763161745174
2024-07-12,Invertivore,0.22929800059056094,0.1844773483280567,0.28500828720353244
2024-07-21,Invertivore,0.229852257608331,0.18475166591370282,0.28596256529737774
2024-07-30,Invertivore,0.230407854371066,0.18501967895788668,0.28693044791177025
2024-08-08,Invertivore,0.23096479411718515,0.18528144712012742,0.287911914283612
2024-08-17,Invertivore,0.23152308009293543,0.18553703284905315,0.288906941070516
2024-08-26,Invertivore,0.23208271555241072,0.18578650118738757,0.2899155025469511
2024-09-05,Invertivore,0.23264370375757065,0.18602991957821363,0.29093757079911553
2024-09-14,Invertivore,0.23320604797825975,0.18626735767328267,0.29197311591777164
2024-09-23,Invertivore,0.23376975149222623,0.18649888714407406,0.2930221061883352
2024-10-02,Invertivore,0.23433481758514124,0.18672458149625412,0.2940845082775726
2024-10-11,Invertivore,0.23490124955061836,0.1869445158881165,0.2951602874163233
2024-10-20,Invertivore,0.23546905069023175,0.18715876695352496,0.29624940757772317
2024-10-29,Invertivore,0.23603822431353677,0.18736741262982073,0.2973518316504748
2024-11-07,Invertivore,0.23660877373808836,0.1875705319910901,0.2984675216067586
2024-11-16,Invertivore,0.2371807022894606,0.18776820508713457,0.29959643866445085
2024-11-26,Invertivore,0.23775401330126628,0.18796051278842565,0.3007385434433628
2024-12-05,Invertivore,0.23832871011517592,0.18814753663727277,0.3018937961152724
2024-12-14,Invertivore,0.23890479608093762,0.18832935870538198,0.3030621565475724
2024-12-23,Invertivore,0.23948227455639648,0.18850606145793358,0.30424358444040644
2025-01-01,Invertivore,0.24006114890751407,0.18867772762426122,0.30543803945720904
2025-01-10,Invertivore,0.24064142250838835,0.1888444400751751,0.30664548134860936
2025-01-19,Invertivore,0.2412230987412728,0.18900628170693007,0.3078658700696946
2025-01-28,Invertivore,0.2418061809965967,0.18916333533180837,0.30909916589066894
2025-02-06,Invertivore,0.24239067267298464,0.18931568357525064,0.31034532950096705
2025-02-16,Invertivore,0.242976577177276,0.18946340877944406,0.311604322106919
2025-02-25,Invertivore,0.24356389792454558,0.18960659291325044,0.31287610552308337
2025-03-06,Invertivore,0.24415263833812284,0.18974531748833312,0.3141606422573852
2025-03-15,Invertivore,0.2447428018496121,0.18987966348132587,0.3154578955902215
2025-03-24,Invertivore,0.24533439189891265,0.19000971126186855,0.3167678296477053
2025-04-02,Invertivore,0.2459274119342384,0.19013554052632167,0.3180904094692381
2025-04-11,Invertivore,0.24652186541213844,0.19025723023696148,0.31942560106960943
2025-04-20,Invertivore,0.24711775579751707,0.1903748585664483,0.3207733714958293
2025-04-29,Invertivore,0.2477150865636538,0.19048850284735314,0.3221336888789093
2025-05-09,Invertivore,0.2483138611922237,0.19059823952652646,0.32350652248080947
2025-05-18,Invertivore,0.24891408317331792,0.19070414412408654,0.3248918427367721
2025-05-27,Invertivore,0.2495157560054634,0.1908062911968057,0.3262896212932638
2025-06-05,Invertivore,0.2501188831956441,0.19090475430567427,0.3276998310417501
2025-06-14,Invertivore,0.25072346825932096,0.19099960598741947,0.32912244614851854
2025-06-23,Invertivore,0.25132951472045223,0.19109091772976433,0.33055744208077126
2025-07-02,Invertivore,0.25193702611151453,0.19117875995021213,0.33200479562919943
2025-07-11,Invertivore,0.25254600597352306,0.19126320197814636,0.33346448492724784
2025-07-20,Invertivore,0.253156457856052,0.1913443120400433,0.33493648946727544
2025-07-30,Invertivore,0.25376838531725604,0.19142215724759956,0.3364207901138095
2025-08-08,Invertivore,0.25438179192389027,0.1914968035885802,0.33791736911408343
2025-08-17,Invertivore,0.2549966812513315,0.19156831592020496,0.33942621010604745
2025-08-26,Invertivore,0.2556130568835989,0.19163675796489216,0.34094729812402635
2025-09-04,Invertivore,0.2562309224133747,0.19170219230819022,0.34248061960219883
2025-09-13,Invertivore,0.2568502814420254,0.1917646803987325,0.3440261623760603
2025-09-22,Invertivore,0.2574711375796229,0.19182428255005896,0.3455839156820281
2025-10-01,Invertivore,0.258093494444965,0.19188105794415417,0.3471538701553349
2025-10-10,Invertivore,0.2587173556655971,0.19193506463656237,0.34873601782635644
2025-10-20,Invertivore,0.25934272487783305,0.191986359562942,0.3503303521155049
2022-11-01,Mesopredator,0.4808271524635322,0.3699528666258448,0.6249302854571734
2022-11-10,Mesopredator,0.4819894034334531,0.3714289132693084,0.6254596148084317
2022-11-19,Mesopredator,0.4831544637857275,0.37290168795824064,0.6260047712688699
2022-11-28,Mesopredator,0.4843223403111683,0.374370939877282,0.6265660721459259
2022-12-07,Mesopredator,0.48549303981700315,0.37583641431731357,0.6271438389994668
2022-12-16,Mesopredator,0.48666656912691464,0.37729785280663847,0.6277383975125413
2022-12-25,Mesopredator,0.48784293508107907,0.3787549932562334,0.6283500773480698
2023-01-03,Mesopredator,0.4890221445362067,0.38020757011948736,0.6289792119910593
2023-01-12,Mesopredator,0.49020420436558204,0.38165531456680507,0.6296261385759666
2023-01-21,Mesopredator,0.4913891214591034,0.3830979546754051,0.6302911976988725
2023-01-31,Mesopredator,0.49257690272332355,0.38453521563459925,0.6309747332141906
2023-02-09,Mesopredator,0.4937675550814894,0.38596681996677545,0.6316770920156787
2023-02-18,Mesopredator,0.49496108547358314,0.3873924877642491,0.6323986238015958
2023-02-27,Mesopredator,0.4961575008563613,0.38881193694207467,0.6331396808239068
2023-03-08,Mesopredator,0.49735680820339745,0.3902248835068368,0.6339006176215239
2023-03-17,Mesopredator,0.4985590145051207,0.3916310418413529,0.6346817907376391
2023-03-26,Mesopredator,0.4997641267688574,0.39303012500513834,0.6354835584213124
2023-04-04,Mesopredator,0.5009721520188728,0.39442184505038597,0.6363062803135553
2023-04-13,Mesopredator,0.5021830972964099,0.3958059133531123,0.6371503171182535
2023-04-23,Mesopredator,0.5033969696597327,0.39718204095902604,0.6380160302583868
2023-05-02,Mesopredator,0.504613776184166,0.398549938943556,0.6389037815180945
2023-05-11,Mesopredator,0.5058335239621372,0.39990931878537317,0.6398139326712596
2023-05-20,Mesopredator,0.5070562201032169,0.4012598927526218,0.6407468450973961
2023-05-29,Mesopredator,0.5082818717341618,0.40260137430096393,0.6417028793857358
2023-06-07,Mesopredator,0.5095104859989544,0.40393347848241706,0.6426823949285277
2023-06-16,Mesopredator,0.5107420700588463,0.40525592236386104,0.6436857495046877
2023-06-25,Mesopredator,0.5119766310923987,0.4065684254539643,0.6447132988550333
2023-07-04,Mesopredator,0.5132141762955249,0.40787071013717757,0.6457653962504677
2023-07-14,Mesopredator,0.5144547128815321,0.40916250211333205,0.6468423920545671
2023-07-23,Mesopredator,0.5156982480811635,0.4104435308412818,0.6479446332821405
2023-08-01,Mesopredator,0.516944789142641,0.4117135299849347,0.6490724631554081
2023-08-10,Mesopredator,0.5181943433317053,0.4129722378599318,0.6502262206595429
2023-08-19,Mesopredator,0.519446917931661,0.41421939787916773,0.6514062400993895
2023-08-28,Mesopredator,0.5207025202434176,0.4154547589952707,0.6526128506592294
2023-09-06,Mesopredator,0.5219611575855323,0.41667807613811997,0.6538463759675217
2023-09-15,Mesopredator,0.5232228372942523,0.4178891106454426,0.6551071336685792
2023-09-24,Mesopredator,0.5244875667235585,0.4190876306845045,0.6563954350031603
2023-10-04,Mesopredator,0.5257553532452071,0.42027341166291343,0.6577115843999625
2023-10-13,Mesopredator,0.527026204248774,0.4214462366265585,0.6590558790799912
2023-10-22,Mesopredator,0.5283001271416964,0.4226058966427415,0.6604286086757476
2023-10-31,Mesopredator,0.5295771293493169,0.4237521911666035,0.6618300548671379
2023-11-09,Mesopredator,0.5308572183149269,0.42488492838900954,0.6632604910359338
2023-11-18,Mesopredator,0.5321404014998093,0.4260039255641391,0.664720181940539
2023-11-27,Mesopredator,0.5334266863832825,0.4271090093151265,0.6662093834127217
2023-12-06,Mesopredator,0.534716080462744,0.42820001591620893,0.6677283420778513
2023-12-15,Mesopredator,0.5360085912537136,0.429276791549966,0.6692772951000531
2023-12-25,Mesopredator,0.5373042262898774,0.4303391925383836,0.6708564699535561
2024-01-03,Mesopredator,0.5386029931231324,0.431387085546623,0.6724660842213476
2024-01-12,Mesopredator,0.5399048993236298,0.43242034775854454,0.6741063454220834
2024-01-21,Mesopredator,0.541209952479819,0.43343886702321205,0.6757774508660334
2024-01-30,Mesopredator,0.5425181601984924,0.4344425419717832,0.6774795875406543
2024-02-08,Mesopredator,0.5438295301048296,0.4354312821043774,0.6792129320261959
2024-02-17,Mesopredator,0.5451440698424415,0.4364050078467068,0.6809776504415592
2024-02-26,Mesopredator,0.5464617870734151,0.43736365057644344,0.6827738984204331
2024-03-06,Mesopredator,0.5477826894783578,0.4383071526194825,0.6846018211175442
2024-03-16,Mesopredator,0.5491067847564431,0.4392354672164564,0.6864615532446742
2024-03-25,Mesopredator,0.5504340806254546,0.44014855846002426,0.6883532191359134
2024-04-03,Mesopredator,0.5517645848218312,0.44104640120364047,0.6902769328414484
2024-04-12,Mesopredator,0.5530983051007123,0.44192898094266975,0.6922327982490166
2024-04-21,Mesopredator,0.554435249235983,0.44279629366886836,0.6942209092320114
2024-04-30,Mesopredator,0.5557754250203193,0.4436483456993896,0.6962413498230735
2024-05-09,Mesopredator,0.5571188402652334,0.44448515348160383,0.6982941944118828
2024-05-18,Mesopredator,0.5584655028011197,0.445306743375134,0.7003795079657513
2024-05-27,Mesopredator,0.5598154204773002,0.446113151412604,0.7024973462715138
2024-06-05,Mesopredator,0.56116860116207,0.4469044230406833,0.7046477561971389
2024-06-15,Mesopredator,0.5625250527427434,0.4476806128430744,0.706830775971409
2024-06-24,Mesopredator,0.5638847831257001,0.4484417842471443,0.7090464354799754
2024-07-03,Mesopredator,0.5652478002364304,0.44918800921592783,0.7112947565760492
2024-07-12,Mesopredator,0.5666141120195829,0.44991936792726317,0.7135757534039825
2024-07-21,Mesopredator,0.5679837264390091,0.45063594844180827,0.7158894327339753
2024-07-30,Mesopredator,0.5693566514778112,0.4513378463616924,0.718235794306169
2024-08-08,Mesopredator,0.570732895138388,0.4520251644815217,0.7206148311823951
2024-08-17,Mesopredator,0.5721124654424813,0.4526980124334312,0.7230265301038963
2024-08-26,Mesopredator,0.5734953704312233,0.4533565063278245,0.7254708718533731
2024-09-05,Mesopredator,0.5748816181651832,0.4540007683913848,0.7279478316197734
2024-09-14,Mesopredator,0.5762712167244137,0.45463092660388177,0.730457379364303
2024-09-23,Mesopredator,0.5776641742084992,0.45524711433521686,0.7329994801862129
2024-10-02,Mesopredator,0.5790604987366016,0.455849469984077,0.7355740946869904
2024-10-11,Mesopredator,0.580460198447509,0.4564381366194791,0.7381811793316799
2024-10-20,Mesopredator,0.581863281499682,0.4570132616263985,0.7408206868061303
2024-10-29,Mesopredator,0.583269756071302,0.4575749963565841,0.7434925663690737
2024-11-07,Mesopredator,0.5846796303603188,0.4581234957855694,0.7461967641980242
2024-11-16,Mesopredator,0.586092912584498,0.45865891817679294,0.7489332237280819
2024-11-26,Mesopredator,0.587509610981469,0.4591814247536494,0.7517018859828208
2024-12-05,Mesopredator,0.5889297338087732,0.4596911793801998,0.7545026898965375
2024-12-14,Mesopredator,0.5903532893439122,0.46018834825117444,0.7573355726272182
2024-12-23,Mesopredator,0.5917802858843959,0.46067309959181907,0.760200469859683
2025-01-01,Mesopredator,0.5932107317477905,0.4611456033680428,0.7630973160984399
2025-01-10,Mesopredator,0.5946446352717679,0.46160603100725084,0.7660260449498753
2025-01-19,Mesopredator,0.5960820048141534,0.46205455513015886,0.7689865893934753
2025-01-28,Mesopredator,0.5975228487529746,0.46249134929381874,0.7719788820418524
2025-02-06,Mesopredator,0.5989671754865107,0.4629165877460131,0.7750028553894229
2025-02-16,Mesopredator,0.6004149934333411,0.46333044519110805,0.7780584420496388
2025-02-25,Mesopredator,0.6018663110323945,0.4637330965674011,0.7811455749807433
2025-03-06,Mesopredator,0.603321136742998,0.46412471683593665,0.7842641877000752
2025-03-15,Mesopredator,0.6047794790449267,0.46450548078071924,0.7874142144869926
2025-03-24,Mesopredator,0.6062413464384525,0.4648755628202023,0.7905955905745362
2025-04-02,Mesopredator,0.6077067474443946,0.4652351368298958,0.7938082523299939
2025-04-11,Mesopredator,0.6091756906041683,0.46558437597589214,0.7970521374245614
2025-04-20,Mesopredator,0.6106481844798356,0.4659234525590853,0.8003271849923281
2025-04-29,Mesopredator,0.6121242376541538,0.4662525378698233,0.8036333357788464
2025-05-09,Mesopredator,0.6136038587306272,0.4665718020527159,0.8069705322795638
2025-05-18,Mesopredator,0.6150870563335561,0.46688141398129535,0.8103387188684198
2025-05-27,Mesopredator,0.616573839108087,0.46718154114221166,0.8137378419169224
2025-06-05,Mesopredator,0.618064215720264,0.46747234952863503,0.817167849904041
2025-06-14,Mesopredator,0.6195581948570784,0.46775400354251945,0.8206286935172514
2025-06-23,Mesopredator,0.6210557852265195,0.4680266659053821,0.8241203257450832
2025-07-02,Mesopredator,0.6225569955576258,0.46829049757724334,0.827642701961527
2025-07-11,Mesopredator,0.624061834600535,0.468545657683371,0.8311957800026528
2025-07-20,Mesopredator,0.625570311126536,0.46879230344847167,0.8347795202358008
2025-07-30,Mesopredator,0.6270824339281197,0.4690305901379742,0.8383938856216988
2025-08-08,Mesopredator,0.6285982118190296,0.4692606710060513,0.8420388417698577
2025-08-17,Mesopredator,0.6301176536343143,0.46948269725003233,0.8457143569875968
2025-08-26,Mesopredator,0.6316407682303778,0.469696817970864,0.8494204023230376
2025-09-04,Mesopredator,0.6331675644850322,0.46990318013928417,0.8531569516024049
2025-09-13,Mesopredator,0.6346980512975486,0.4701019285673807,0.8569239814619596
2025-09-22,Mesopredator,0.6362322375887098,0.47029320588521684,0.860721471374887
2025-10-01,Mesopredator,0.6377701323008613,0.47047715252221217,0.8645494036734432
2025-10-10,Mesopredator,0.6393117443979642,0.4706539066929817,0.8684077635666689
2025-10-20,Mesopredator,0.6408570828656475,0.47082360438734217,0.8722965391539504
2022-11-01,HTLP,0.5439033813554621,0.4143916698832722,0.7138919764802133
2022-11-10,HTLP,0.5452180996056374,0.41599232962571003,0.7145871569436042
2022-11-19,HTLP,0.5465359957806737,0.41758870625644834,0.7153009413538468
2022-11-28,HTLP,0.547857077562221,0.4191805364783446,0.7160336688259463
2022-12-07,HTLP,0.5491813526504983,0.4207675539763686,0.7167856819016268
2022-12-16,HTLP,0.5505088287643374,0.4223494895889457,0.7175573263801919
2022-12-25,HTLP,0.551839513641228,0.4239260714920336,0.7183489511366601
2023-01-03,HTLP,0.553173415037362,0.42549702539608214,0.7191609079270312
2023-01-12,HTLP,0.5545105407276806,0.4270620747559768,0.7199935511805863
2023-01-21,HTLP,0.5558508985059178,0.4286209409940077,0.7208472377791632
2023-01-31,HTLP,0.5571944961846471,0.43017334373586336,0.7217223268234304
2023-02-09,HTLP,0.5585413415953259,0.4317190010595747,0.7226191793862153
2023-02-18,HTLP,0.5598914425883421,0.4332576297572809,0.7235381582530268
2023-02-27,HTLP,0.5612448070330592,0.43478894560961356,0.72447962764997
2023-03-08,HTLP,0.5626014428178632,0.4363126636724313,0.7254439529593257
2023-03-17,HTLP,0.5639613578502067,0.43782849857555306,0.7264315004231384
2023-03-26,HTLP,0.5653245600566567,0.4393361648330729,0.7274426368352406
2023-04-04,HTLP,0.5666910573829407,0.4408353771647508,0.7284777292222127
2023-04-13,HTLP,0.5680608577939916,0.4423258508278932,0.7295371445138616
2023-04-23,HTLP,0.5694339692739954,0.44380730195906226,0.7306212492038886
2023-05-02,HTLP,0.5708103998264378,0.44527944792486157,0.7317304090014926
2023-05-11,HTLP,0.5721901574741501,0.4467420076809667,0.7328649884747375
2023-05-20,HTLP,0.5735732502593563,0.44819470213848867,0.734025350686604
2023-05-29,HTLP,0.5749596862437204,0.4496372545366783,0.7352118568247131
2023-06-07,HTLP,0.5763494735083923,0.45106939082089786,0.736424865825791
2023-06-16,HTLP,0.5777426201540561,0.45249084002472123,0.7376647339960253
2023-06-25,HTLP,0.5791391343009764,0.4539013346549455,0.7389318146285163
2023-07-04,HTLP,0.5805390240890467,0.4553006110782404,0.7402264576191115
2023-07-14,HTLP,0.5819422976778352,0.45668840990809734,0.7415490090819439
2023-07-23,HTLP,0.5833489632466343,0.45806447639069753,0.7428998109660746
2023-08-01,HTLP,0.5847590289945068,0.4594285607882661,0.7442792006746565
2023-08-10,HTLP,0.5861725031403342,0.46078041875845405,0.7456875106880851
2023-08-19,HTLP,0.5875893939228644,0.46211981172825844,0.7471250681926273
2023-08-28,HTLP,0.5890097096007607,0.46344650726098,0.7485921947160232
2023-09-06,HTLP,0.5904334584526484,0.4647602794147118,0.7500892057715725
2023-09-15,HTLP,0.5918606487771645,0.46606090909086034,0.7516164105122018
2023-09-24,HTLP,0.5932912888930042,0.467348184371216,0.7531741113959949
2023-10-04,HTLP,0.5947253871389719,0.46862190084212574,0.7547626038646401
2023-10-13,HTLP,0.5961629518740279,0.4698818619043516,0.7563821760361995
2023-10-22,HTLP,0.5976039914773376,0.4711278790672616,0.7580331084135635
2023-10-31,HTLP,0.5990485143483205,0.4723597722260585,0.7597156736098809
2023-11-09,HTLP,0.6004965289066996,0.47357736992082594,0.7614301360921873
2023-11-18,HTLP,0.6019480435925494,0.47478050957625867,0.7631767519443611
2023-11-27,HTLP,0.6034030668663453,0.4759690377210374,0.76495576865045
2023-12-06,HTLP,0.6048616072090144,0.4771428101859145,0.766767424899306
2023-12-15,HTLP,0.606323673121983,0.4783016922796816,0.7686119504113454
2023-12-25,HTLP,0.6077892731272272,0.47944555894231916,0.7704895657881474
2024-01-03,HTLP,0.6092584157673224,0.4805742948747426,0.7724004823854683
2024-01-12,HTLP,0.610731109605493,0.481687794644694,0.7743449022101258
2024-01-21,HTLP,0.6122073632256622,0.4827859627684592,0.7763230178410722
2024-01-30,HTLP,0.6136871852325025,0.4838687137682246,0.778335012374846
2024-02-08,HTLP,0.6151705842514852,0.4849359722050192,0.7803810593954463
2024-02-17,HTLP,0.616657568928931,0.4859876726873312,0.7824613229685571
2024-02-26,HTLP,0.6181481479320606,0.4870237598556073,0.784575957659897
2024-03-06,HTLP,0.6196423299490453,0.4880441883429843,0.7867251085773552
2024-03-16,HTLP,0.6211401236890568,0.4890489227127189,0.7889089114364441
2024-03-25,HTLP,0.6226415378823188,0.4900379373729049,0.7911274926484799
2024-04-03,HTLP,0.6241465812801578,0.4910112164691782,0.7933809694307911
2024-04-12,HTLP,0.6256552626550532,0.49196875375621313,0.7956694499381507
2024-04-21,HTLP,0.6271675908006901,0.49291055244891446,0.7979930334145316
2024-04-30,HTLP,0.6286835745320091,0.49383662505429055,0.8003518103641919
2024-05-09,HTLP,0.6302032226852583,0.4947469931850778,0.802745862741029
2024-05-18,HTLP,0.6317265441180446,0.49564168735624636,0.8051752641550648
2024-05-27,HTLP,0.6332535477093857,0.49652074676558505,0.8076400800948729
2024-06-05,HTLP,0.6347842423597612,0.4973842190595961,0.810140368164706
2024-06-15,HTLP,0.636318636991165,0.49823216008598115,0.8126761783350539
2024-06-24,HTLP,0.6378567405471572,0.4990646336340146,0.8152475532053272
2024-07-03,HTLP,0.6393985619929166,0.49988171116412233,0.8178545282773535
2024-07-12,HTLP,0.6409441103152916,0.5006834715279862,0.8204971322383631
2024-07-21,HTLP,0.6424933945228546,0.5014700006804939,0.823175387252148
2024-07-30,HTLP,0.6440464236459523,0.5022413913848368,0.8258893092570876
2024-08-08,HTLP,0.6456032067367605,0.502997742912044,0.8286389082697574
2024-08-17,HTLP,0.6471637528693354,0.5037391607362014,0.8314241886928674
2024-08-26,HTLP,0.6487280711396669,0.5044657562265816,0.834245149626307
2024-09-05,HTLP,0.6502961706657315,0.505177646337858,0.8371017851801239
2024-09-14,HTLP,0.651868060587546,0.5058749532995335,0.8399940847883058
2024-09-23,HTLP,0.6534437500672202,0.5065578043056601,0.8429220335222869
2024-10-02,HTLP,0.6550232482890102,0.5072263312058706,0.8458856124031606
2024-10-11,HTLP,0.6566065644593724,0.5078806701986812,0.8488847987116394
2024-10-20,HTLP,0.6581937078070171,0.5085209615279644,0.8519195662948608
2024-10-29,HTLP,0.659784687582962,0.5091473491834246,0.8549898858692095
2024-11-07,HTLP,0.6613795130605862,0.5097599806058439,0.8580957253183862
2024-11-16,HTLP,0.6629781935356847,0.5103590063978021,0.8612370499860208
2024-11-26,HTLP,0.6645807383265215,0.5109445800405024,0.864413822962196
2024-12-05,HTLP,0.6661871567738854,0.5115168576172785,0.867626005363312
2024-12-14,HTLP,0.6677974582411431,0.512075997544283,0.8708735566047817
2024-12-23,HTLP,0.6694116521142949,0.5126221603088037,0.8741564346661234
2025-01-01,HTLP,0.6710297478020281,0.5131555082155855,0.8774745963480579
2025-01-10,HTLP,0.6726517547357732,0.5136762051414837,0.8808279975213021
2025-01-19,HTLP,0.6742776823697583,0.5141844162987105,0.8842165933667812
2025-01-28,HTLP,0.6759075401810636,0.5146803080068874,0.8876403386070535
2025-02-06,HTLP,0.6775413376696776,0.5151640474740645,0.8910991877287928
2025-02-16,HTLP,0.6791790843585523,0.515635802586818,0.8945930951962064
2025-02-25,HTLP,0.6808207897936582,0.5160957417094912,0.8981220156553293
2025-03-06,HTLP,0.6824664635440401,0.5165440334926074,0.9016859041291673
2025-03-15,HTLP,0.6841161152018732,0.5169808466904372,0.9052847162037032
2025-03-24,HTLP,0.685769754382519,0.5174063499876739,0.9089184082048158
2025-04-02,HTLP,0.6874273907245807,0.5178207118351327,0.9125869373661922
2025-04-11,HTLP,0.6890890338899602,0.5182241002943638,0.9162902619883485
2025-04-20,HTLP,0.6907546935639142,0.5186166828910418,0.920028341588891
2025-04-29,HTLP,0.6924243794551099,0.5189986264769683,0.9238011370441859
2025-05-09,HTLP,0.6940981012956827,0.5193700971005087,0.9276086107226137
2025-05-18,HTLP,0.6957758688412926,0.519731259885261,0.9314507266096124
2025-05-27,HTLP,0.6974576918711802,0.5200822789167407,0.9353274504247219
2025-06-05,HTLP,0.699143580188225,0.5204233171368561,0.9392387497308626
2025-06-14,HTLP,0.7008335436190017,0.5207545362459305,0.943184594036084
2025-06-23,HTLP,0.7025275920138377,0.521076096612026,0.9471649548880317
2025-07-02,HTLP,0.7042257352468706,0.5213881571873117,0.9511798059613932
2025-07-11,HTLP,0.7059279832161055,0.5216908754312174,0.9552291231385764
2025-07-20,HTLP,0.7076343458434731,0.5219844072401086,0.9593128845838891
2025-07-30,HTLP,0.709344833074887,0.522268906883216,0.9634310708114827
2025-08-08,HTLP,0.7110594548803025,0.5225445269445566,0.967583664747328
2025-08-17,HTLP,0.7127782212537737,0.5228114182705772,0.9717706517854865
2025-08-26,HTLP,0.7145011422135121,0.5230697299232607,0.9759920198389427
2025-09-04,HTLP,0.7162282278019458,0.5233196091384315,0.9802477593852572
2025-09-13,HTLP,0.7179594880857767,0.5235612012890049,0.9845378635072967
2025-09-22,HTLP,0.7196949331560405,0.5237946498529292,0.988862327929295
2025-10-01,HTLP,0.721434573128164,0.5240200963855697,0.9932211510484898
2025-10-10,HTLP,0.7231784181420254,0.5242376804962976,0.9976143339625808
2025-10-20,HTLP,0.7249264783620134,0.5244475398290463,1.0020418804932392
